Symbol,Name,LastSale,MarketCap,IPOyear,Sector,industry,Summary Quote
XXII,"22nd Century Group, Inc",1.17,$75.26M,n/a,Consumer Non-Durables,Farming/Seeds/Milling,http://www.nasdaq.com/symbol/xxii
FAX,Aberdeen Asia-Pacific Income Fund Inc,5.52,$1.47B,1986,n/a,n/a,http://www.nasdaq.com/symbol/fax
IAF,Aberdeen Australia Equity Fund Inc,6.77,$155.29M,n/a,n/a,n/a,http://www.nasdaq.com/symbol/iaf
CH,"Aberdeen Chile Fund, Inc.",7.22,$67.77M,n/a,n/a,n/a,http://www.nasdaq.com/symbol/ch
ETF,Aberdeen Emerging Markets Smaller Company Opportunities Fund I,12.98,$126.75M,1992,n/a,n/a,http://www.nasdaq.com/symbol/etf
FCO,"Aberdeen Global Income Fund, Inc.",9.41,$86.53M,1992,n/a,n/a,http://www.nasdaq.com/symbol/fco
IF,"Aberdeen Indonesia Fund, Inc.",8.09,$76.74M,1990,n/a,n/a,http://www.nasdaq.com/symbol/if
ISL,"Aberdeen Israel Fund, Inc.",16.43,$67.51M,1992,n/a,n/a,http://www.nasdaq.com/symbol/isl
ACU,Acme United Corporation.,18.8995,$62.17M,1988,Capital Goods,Industrial Machinery/Components,http://www.nasdaq.com/symbol/acu
ATNM,"Actinium Pharmaceuticals, Inc.",5.39,$161.73M,n/a,Health Care,Major Pharmaceuticals,http://www.nasdaq.com/symbol/atnm
AE,"Adams Resources & Energy, Inc.",58.04,$244.79M,n/a,Energy,Oil Refining/Marketing,http://www.nasdaq.com/symbol/ae
ADK,Adcare Health Systems Inc,4,$76.88M,n/a,Health Care,Hospital/Nursing Management,http://www.nasdaq.com/symbol/adk
ADK^A,Adcare Health Systems Inc,28.0269,n/a,n/a,n/a,n/a,http://www.nasdaq.com/symbol/adk^a
API,"Advanced Photonix, Inc.",0.3328,$12.44M,n/a,Technology,Semiconductors,http://www.nasdaq.com/symbol/api
ACY,AeroCentury Corp.,7.9201,$12.22M,n/a,Technology,Diversified Commercial Services,http://www.nasdaq.com/symbol/acy
WGA,"AG&E Holdings, Inc.",0.73,$8.56M,n/a,Technology,Radio And Television Broadcasting And Communications Equipment,http://www.nasdaq.com/symbol/wga
AIRI,Air Industries Group,10.24,$72.71M,n/a,Capital Goods,Military/Government/Technical,http://www.nasdaq.com/symbol/airi
AA^,Alcoa Inc.,87.375,n/a,n/a,Capital Goods,Metal Fabrications,http://www.nasdaq.com/symbol/aa^
AXX,Alderon Iron Ore Corp.,0.28,$37M,n/a,Basic Industries,Precious Metals,http://www.nasdaq.com/symbol/axx
AXU,Alexco Resource Corp,0.53,$36.88M,n/a,Basic Industries,Precious Metals,http://www.nasdaq.com/symbol/axu
ANV,Allied Nevada Gold Corp.,1.03,$129.76M,n/a,Basic Industries,Precious Metals,http://www.nasdaq.com/symbol/anv
AAU,"Almaden Minerals, Ltd.",1.2,$82.47M,n/a,Basic Industries,Precious Metals,http://www.nasdaq.com/symbol/aau
APT,"Alpha Pro Tech, Ltd.",2.6,$47.57M,n/a,Health Care,Industrial Specialties,http://www.nasdaq.com/symbol/apt
ALTV,Alteva (D/B/A),7.31,$43.68M,n/a,Public Utilities,Telecommunications Equipment,http://www.nasdaq.com/symbol/altv
AAMC,Altisource Asset Management Corp,160,$350.38M,n/a,Finance,Real Estate,http://www.nasdaq.com/symbol/aamc
DIT,AMCON Distributing Company,80,$49.27M,n/a,Consumer Non-Durables,Food Distributors,http://www.nasdaq.com/symbol/dit
APP,American Apparel Inc,0.89,$155.55M,n/a,Finance,Business Services,http://www.nasdaq.com/symbol/app
ADGE,American DG Energy Inc.,0.58,$30.43M,n/a,Energy,Electric Utilities: Central,http://www.nasdaq.com/symbol/adge
AMZG,American Eagle Energy Corporation.,0.5251,$15.99M,n/a,Basic Industries,Precious Metals,http://www.nasdaq.com/symbol/amzg
ALN,American Lorain Corporation,1.05,$36.66M,n/a,Consumer Non-Durables,Packaged Foods,http://www.nasdaq.com/symbol/aln
AMS,American Shared Hospital Services,2.4899,$13.35M,n/a,Health Care,Medical Specialities,http://www.nasdaq.com/symbol/ams
AQQ,"American Spectrum Realty, Inc.",1.68,$6.22M,n/a,Consumer Services,Real Estate Investment Trusts,http://www.nasdaq.com/symbol/aqq
AMPE,"Ampio Pharmaceuticals, Inc.",5.02,$260.9M,n/a,Health Care,Major Pharmaceuticals,http://www.nasdaq.com/symbol/ampe
AXN,"Aoxing Pharmaceutical Company, Inc.",0.36,$23.86M,n/a,Health Care,Major Pharmaceuticals,http://www.nasdaq.com/symbol/axn
AMCO,"Armco Metals Holdings, Inc.",1.4999,$8.4M,n/a,Consumer Durables,Steel/Iron Ore,http://www.nasdaq.com/symbol/amco
HRT,Arrhythmia Research Technology Inc.,7.69,$21.2M,n/a,Health Care,Biotechnology: Electromedical & Electrotherapeutic Apparatus,http://www.nasdaq.com/symbol/hrt
AKG,Asanko Gold Inc.,1.5532,$270.37M,n/a,Basic Industries,Mining & Quarrying of Nonmetallic Minerals (No Fuels),http://www.nasdaq.com/symbol/akg
AINC,Ashford Inc.,145,$290M,2014,Consumer Services,Professional Services,http://www.nasdaq.com/symbol/ainc
ASB/WS,Associated Banc-Corp,2,n/a,n/a,n/a,n/a,http://www.nasdaq.com/symbol/asb/ws
AST,"Asterias Biotherapeutics, Inc.",3.95,$122.06M,n/a,Health Care,Biotechnology: Biological Products (No Diagnostic Substances),http://www.nasdaq.com/symbol/ast
ATL,Atlatsa Resources Corporation,0.1875,$103.93M,n/a,Basic Industries,Precious Metals,http://www.nasdaq.com/symbol/atl
AWX,Avalon Holdings Corporation,3.12,$11.87M,n/a,Public Utilities,Environmental Services,http://www.nasdaq.com/symbol/awx
AVL,"Avalon Rare Metals, Inc.",0.17,$23.93M,n/a,Basic Industries,Precious Metals,http://www.nasdaq.com/symbol/avl
ASM,Avino Silver,1.59,$56.41M,n/a,Basic Industries,Precious Metals,http://www.nasdaq.com/symbol/asm
BTG,B2Gold Corp,1.96,$1.8B,n/a,Basic Industries,Precious Metals,http://www.nasdaq.com/symbol/btg
BONE,"Bacterin International Holdings, Inc.",3.3,$22.03M,n/a,Health Care,Biotechnology: Biological Products (No Diagnostic Substances),http://www.nasdaq.com/symbol/bone
BTN,"Ballantyne Strong, Inc",4.09,$58.98M,n/a,Miscellaneous,Industrial Machinery/Components,http://www.nasdaq.com/symbol/btn
BKJ,"Bancorp of New Jersey, Inc",10.88,$58.42M,n/a,Finance,Major Banks,http://www.nasdaq.com/symbol/bkj
BCV,Bancroft Fund Limited,19.95,$104.58M,n/a,n/a,n/a,http://www.nasdaq.com/symbol/bcv
BAA,BANRO CORPORATION,0.1459,$36.78M,n/a,Basic Industries,Precious Metals,http://www.nasdaq.com/symbol/baa
BHB,"Bar Harbor Bankshares, Inc.",30.7,$182.32M,n/a,Finance,Major Banks,http://www.nasdaq.com/symbol/bhb
BRN,"Barnwell Industries, Inc.",2.8,$23.18M,n/a,Energy,Oil & Gas Production,http://www.nasdaq.com/symbol/brn
BIR^A,"Berkshire Income Realty, Inc.",28.444,n/a,n/a,n/a,n/a,http://www.nasdaq.com/symbol/bir^a
BGSF,BG Staffing Inc,13,$72.91M,n/a,Technology,Professional Services,http://www.nasdaq.com/symbol/bgsf
BTX,"BioTime, Inc.",4.08,$339.14M,n/a,Health Care,Biotechnology: Biological Products (No Diagnostic Substances),http://www.nasdaq.com/symbol/btx
BTX/WS,"BioTime, Inc.",1.2101,n/a,n/a,n/a,n/a,http://www.nasdaq.com/symbol/btx/ws
BGI,Birks Group Inc.,1.33,$23.84M,n/a,n/a,n/a,http://www.nasdaq.com/symbol/bgi
BZM,BlackRock Maryland Municipal Bond Trust,15.0119,$31.14M,2002,n/a,n/a,http://www.nasdaq.com/symbol/bzm
MHE,BlackRock Massachusetts Tax-Exempt Trust,14.45,$34.14M,1993,n/a,n/a,http://www.nasdaq.com/symbol/mhe
BLE,BlackRock Municipal Income Trust II,16.53,$387.68M,2002,n/a,n/a,http://www.nasdaq.com/symbol/ble
BLJ,Blackrock New Jersey Municipal Bond Trust,15.85,$36.85M,2002,n/a,n/a,http://www.nasdaq.com/symbol/blj
BFY,BlackRock New York Municipal Income Trust II,15.09,$75.43M,2002,n/a,n/a,http://www.nasdaq.com/symbol/bfy
BPS,BlackRock Pennsylvania Strategic Municipal Trust (The),13.5001,$27.43M,1999,n/a,n/a,http://www.nasdaq.com/symbol/bps
BHV,BlackRock Virginia Municipal Bond Trust,16.63,$26.45M,2002,n/a,n/a,http://www.nasdaq.com/symbol/bhv
BDR,"Blonder Tongue Laboratories, Inc.",1.67,$10.4M,n/a,Technology,Radio And Television Broadcasting And Communications Equipment,http://www.nasdaq.com/symbol/bdr
BRG,"Bluerock Residential Growth REIT, Inc.",13.44,$163.04M,2014,Consumer Services,Real Estate Investment Trusts,http://www.nasdaq.com/symbol/brg
BVX,Bovie Medical Corporation,3.55,$63.33M,n/a,Health Care,Medical/Dental Instruments,http://www.nasdaq.com/symbol/bvx
BWL/A,"Bowl America, Inc.",14.5,n/a,n/a,Consumer Services,Services-Misc. Amusement & Recreation,http://www.nasdaq.com/symbol/bwl/a
BZC,Breeze-Eastern Corporation,10.1,$99.14M,n/a,Capital Goods,Military/Government/Technical,http://www.nasdaq.com/symbol/bzc
BTI,British American Tobacco p.l.c.,112.65,$104.99B,n/a,Consumer Non-Durables,Farming/Seeds/Milling,http://www.nasdaq.com/symbol/bti
CAK,CAMAC Energy Inc.,0.34,$431.05M,n/a,Energy,Oil & Gas Production,http://www.nasdaq.com/symbol/cak
CANF,Can-Fite Biopharma Ltd,3.22,$28.53M,n/a,Health Care,Major Pharmaceuticals,http://www.nasdaq.com/symbol/canf
ROX,"Castle Brands, Inc.",1.6,$249.28M,2006,Consumer Non-Durables,Beverages (Production/Distribution),http://www.nasdaq.com/symbol/rox
CAW,"CCA Industries, Inc.",3.5,$24.52M,n/a,Consumer Non-Durables,Package Goods/Cosmetics,http://www.nasdaq.com/symbol/caw
CVM,Cel-Sci Corporation,0.71,$64.86M,n/a,Health Care,Biotechnology: Biological Products (No Diagnostic Substances),http://www.nasdaq.com/symbol/cvm
CVM/WS,Cel-Sci Corporation,0.175,n/a,n/a,n/a,n/a,http://www.nasdaq.com/symbol/cvm/ws
CEF,Central Fund of Canada Limited,13.23,$3.37B,n/a,n/a,n/a,http://www.nasdaq.com/symbol/cef
GTU,Central Gold Trust,44.82,$864.98M,n/a,n/a,n/a,http://www.nasdaq.com/symbol/gtu
CET,Central Securities Corporation,20.86,$503.09M,n/a,n/a,n/a,http://www.nasdaq.com/symbol/cet
CCF,Chase Corporation,35.8,$326.83M,n/a,Consumer Durables,Building Products,http://www.nasdaq.com/symbol/ccf
CQH,"Cheniere Energy Partners LP Holdings, LLC",22.91,$5.31B,2013,Public Utilities,Oil/Gas Transmission,http://www.nasdaq.com/symbol/cqh
CQP,"Cheniere Energy Partners, LP",31.7,$10.71B,2007,Public Utilities,Oil/Gas Transmission,http://www.nasdaq.com/symbol/cqp
LNG,"Cheniere Energy, Inc.",71.38,$16.91B,n/a,Public Utilities,Oil/Gas Transmission,http://www.nasdaq.com/symbol/lng
CVR,Chicago Rivet & Machine Co.,31.15,$30.1M,n/a,Technology,Industrial Machinery/Components,http://www.nasdaq.com/symbol/cvr
CNR,China Metro-Rural Holdings Limited,0.907,$66.7M,n/a,Finance,Real Estate,http://www.nasdaq.com/symbol/cnr
CPHI,"China Pharma Holdings, Inc.",0.3,$13.07M,n/a,Health Care,Major Pharmaceuticals,http://www.nasdaq.com/symbol/cphi
CKX,"CKX Lands, Inc.",15,$29.14M,n/a,Energy,Oil & Gas Production,http://www.nasdaq.com/symbol/ckx
GLV,Clough Global Allocation Fund,14.42,$150.47M,2004,n/a,n/a,http://www.nasdaq.com/symbol/glv
GLQ,Clough Global Equity Fund,14.1,$251.55M,2005,n/a,n/a,http://www.nasdaq.com/symbol/glq
GLO,Clough Global Opportunities Fund,11.91,$616.19M,2006,n/a,n/a,http://www.nasdaq.com/symbol/glo
CRV,"Coast Distribution System, Inc. (The)",3.46,$18.39M,n/a,Capital Goods,Automotive Aftermarket,http://www.nasdaq.com/symbol/crv
MOC,Command Security Corporation,2.25,$21.87M,n/a,Consumer Services,Diversified Commercial Services,http://www.nasdaq.com/symbol/moc
CIX,CompX International Inc.,10.5505,$130.87M,1998,Capital Goods,Industrial Machinery/Components,http://www.nasdaq.com/symbol/cix
LODE,"Comstock Mining, Inc.",1.08,$96.92M,n/a,Basic Industries,Precious Metals,http://www.nasdaq.com/symbol/lode
CTO,Consolidated-Tomoka Land Co.,54.55,$320.05M,n/a,Finance,Real Estate,http://www.nasdaq.com/symbol/cto
MCF,Contango Oil & Gas Company,30.07,$582.61M,n/a,Energy,Oil & Gas Production,http://www.nasdaq.com/symbol/mcf
CUO,Continental Materials Corporation,17.39,$28.7M,n/a,Capital Goods,Building Materials,http://www.nasdaq.com/symbol/cuo
CMT,Core Molding Technologies Inc,14.5,$111.22M,n/a,Consumer Non-Durables,Plastic Products,http://www.nasdaq.com/symbol/cmt
CRMD,CorMedix Inc,3.1,$69.39M,n/a,Health Care,Major Pharmaceuticals,http://www.nasdaq.com/symbol/crmd
CRMD/WS,CorMedix Inc,0.49,n/a,n/a,n/a,n/a,http://www.nasdaq.com/symbol/crmd/ws
CFP,Cornerstone Progressive Return Fund,15.01,$245.66M,n/a,n/a,n/a,http://www.nasdaq.com/symbol/cfp
CRF,"Cornerstone Strategic Return Fund, Inc. (The)",19.908,$88M,n/a,n/a,n/a,http://www.nasdaq.com/symbol/crf
CLM,"Cornerstone Strategic Value Fund, Inc.",19.98,$40.5M,1987,n/a,n/a,http://www.nasdaq.com/symbol/clm
COVR,Cover-All Technologies Inc.,1.24,$33.03M,n/a,Technology,Computer Software: Prepackaged Software,http://www.nasdaq.com/symbol/covr
CVU,"CPI Aerostructures, Inc.",11.75,$99.68M,n/a,Capital Goods,Military/Government/Technical,http://www.nasdaq.com/symbol/cvu
CIK,"Credit Suisse Asset Management Income Fund, Inc.",3.21,$167.69M,n/a,n/a,n/a,http://www.nasdaq.com/symbol/cik
DHY,Credit Suisse High Yield Bond Fund,2.73,$271.69M,1998,n/a,n/a,http://www.nasdaq.com/symbol/dhy
CRVP,"Crystal Rock Holdings, Inc.",0.72,$15.38M,n/a,Consumer Non-Durables,Food Distributors,http://www.nasdaq.com/symbol/crvp
CTP,CTPartners Executive Search Inc.,5.48,$39.79M,2010,Technology,Diversified Commercial Services,http://www.nasdaq.com/symbol/ctp
CVSL,CVSL Inc.,5.82,$142M,2014,Consumer Services,Other Consumer Services,http://www.nasdaq.com/symbol/cvsl
DAKP,"Dakota Plains Holdings, Inc.",1.69,$92.81M,n/a,Energy,Oil Refining/Marketing,http://www.nasdaq.com/symbol/dakp
DXR,Daxor Corporation,6.12,$24.69M,n/a,Health Care,Medical/Dental Instruments,http://www.nasdaq.com/symbol/dxr
DEJ,Dejour Energy Inc.,0.1486,$27.1M,n/a,Energy,Oil & Gas Production,http://www.nasdaq.com/symbol/dej
VCF,"Delaware Investments Colorado Municipal Income Fund, Inc",14.56,$70.43M,1993,n/a,n/a,http://www.nasdaq.com/symbol/vcf
VFL,Delaware Investments Florida Insured Municipal Income Fund,13.6,$61.59M,1993,n/a,n/a,http://www.nasdaq.com/symbol/vfl
VMM,"Delaware Investments Minnesota Municipal Income Fund II, Inc.",14.09,$162.11M,1993,n/a,n/a,http://www.nasdaq.com/symbol/vmm
DLA,"Delta Apparel, Inc.",9.33,$73.51M,n/a,Consumer Non-Durables,Apparel,http://www.nasdaq.com/symbol/dla
DNN,Denison Mine Corp,0.855,$432.52M,n/a,Basic Industries,Precious Metals,http://www.nasdaq.com/symbol/dnn
DGSE,"DGSE Companies, Inc.",1.51,$18.46M,n/a,Consumer Services,Consumer Specialties,http://www.nasdaq.com/symbol/dgse
DPW,Digital Power Corporation,1.04,$7.05M,n/a,Capital Goods,Industrial Machinery/Components,http://www.nasdaq.com/symbol/dpw
DSS,"Document Security Systems, Inc.",0.4,$16.89M,n/a,Technology,EDP Services,http://www.nasdaq.com/symbol/dss
DMF,"Dreyfus Municipal Income, Inc.",9.995,$207.04M,1988,n/a,n/a,http://www.nasdaq.com/symbol/dmf
GRF,"Eagle Capital Growth Fund, Inc.",7.64,$23.88M,n/a,n/a,n/a,http://www.nasdaq.com/symbol/grf
ESTE,"Earthstone Energy, Inc.",23.01,$317.98M,n/a,Energy,Oil & Gas Production,http://www.nasdaq.com/symbol/este
EVM,Eaton Vance California Municipal Bond Fund,12.25,$262.13M,2002,n/a,n/a,http://www.nasdaq.com/symbol/evm
EIA,Eaton Vance California Municipal Bond Fund II,13.59,$52.8M,2002,n/a,n/a,http://www.nasdaq.com/symbol/eia
CEV,Eaton Vance California Municipal Income Trust,13.7,$99.39M,1999,n/a,n/a,http://www.nasdaq.com/symbol/cev
EVV,Eaton Vance Limited Duration Income Fund,14.01,$1.65B,2003,n/a,n/a,http://www.nasdaq.com/symbol/evv
MAB,Eaton Vance Massachusetts Municipal Bond Fund,14.98,$26.49M,2002,n/a,n/a,http://www.nasdaq.com/symbol/mab
MMV,Eaton Vance Massachusetts Municipal Income Trust,14.07,$38.59M,1999,n/a,n/a,http://www.nasdaq.com/symbol/mmv
MIW,Eaton Vance Michigan Municipal Bond Fund,13.77,$20.85M,2002,n/a,n/a,http://www.nasdaq.com/symbol/miw
EMI,Eaton Vance Michigan Municipal Income Trust,13.2,$27.5M,1999,n/a,n/a,http://www.nasdaq.com/symbol/emi
EIM,Eaton Vance Municipal Bond Fund,13.34,$909.36M,2002,n/a,n/a,http://www.nasdaq.com/symbol/eim
EIV,Eaton Vance Municipal Bond Fund II,13.17,$131.88M,2002,n/a,n/a,http://www.nasdaq.com/symbol/eiv
EMJ,Eaton Vance New Jersey Municipal Bond Fund,13.195,$34.42M,2002,n/a,n/a,http://www.nasdaq.com/symbol/emj
EVJ,Eaton Vance New Jersey Municipal Income Trust,12.65,$59.02M,1999,n/a,n/a,http://www.nasdaq.com/symbol/evj
ENX,Eaton Vance New York Municipal Bond Fund,13.08,$205.12M,2002,n/a,n/a,http://www.nasdaq.com/symbol/enx
NYH,Eaton Vance New York Municipal Bond Fund II,12.5,$32.09M,2002,n/a,n/a,http://www.nasdaq.com/symbol/nyh
EVY,Eaton Vance New York Municipal Income Trust,14.1,$77.2M,1999,n/a,n/a,http://www.nasdaq.com/symbol/evy
EIO,Eaton Vance Ohio Municipal Bond Fund,14.15,$35.9M,2002,n/a,n/a,http://www.nasdaq.com/symbol/eio
EVO,Eaton Vance Ohio Municipal Income Trust,14.39,$41.11M,1999,n/a,n/a,http://www.nasdaq.com/symbol/evo
EIP,Eaton Vance Pennsylvania Municipal Bond Fund,13.2701,$39.28M,2002,n/a,n/a,http://www.nasdaq.com/symbol/eip
EVP,Eaton Vance Pennsylvania Municipal Income Trust,12.58,$33.95M,1999,n/a,n/a,http://www.nasdaq.com/symbol/evp
ELMD,"Electromed, Inc.",2.29,$18.58M,2011,Health Care,Biotechnology: Electromedical & Electrotherapeutic Apparatus,http://www.nasdaq.com/symbol/elmd
ETAK,Elephant Talk Communications Corp.,0.8,$121.4M,n/a,Public Utilities,Telecommunications Equipment,http://www.nasdaq.com/symbol/etak
ELLO,Ellomay Capital Ltd.,9.2,$98.44M,n/a,Public Utilities,Electric Utilities: Central,http://www.nasdaq.com/symbol/ello
ECF,Ellsworth Growth and Income Fund Ltd.,8.5068,$111.79M,1986,n/a,n/a,http://www.nasdaq.com/symbol/ecf
EMAN,eMagin Corporation,2.95,$73.82M,n/a,Technology,Semiconductors,http://www.nasdaq.com/symbol/eman
EOX,"Emerald Oil, Inc.",0.823,$54.83M,n/a,Energy,Oil & Gas Production,http://www.nasdaq.com/symbol/eox
MSN,Emerson Radio Corporation,1.0499,$28.48M,n/a,Consumer Non-Durables,Consumer Electronics/Appliances,http://www.nasdaq.com/symbol/msn
UUUU,Energy Fuels Inc,4.56,$89.76M,n/a,Basic Industries,Mining & Quarrying of Nonmetallic Minerals (No Fuels),http://www.nasdaq.com/symbol/uuuu
ENRJ,"EnerJex Resources, Inc.",1.33,$10.17M,n/a,Energy,Oil & Gas Production,http://www.nasdaq.com/symbol/enrj
ENRJ^,"EnerJex Resources, Inc.",16.0101,n/a,n/a,n/a,n/a,http://www.nasdaq.com/symbol/enrj^
ENSV,ENSERVCO Corporation,1.64,$60.77M,n/a,Energy,Oilfield Services/Equipment,http://www.nasdaq.com/symbol/ensv
EGI,Entree Gold Inc,0.1716,$25.22M,n/a,Basic Industries,Precious Metals,http://www.nasdaq.com/symbol/egi
EVI,"EnviroStarm, Inc.",2.3899,$16.81M,n/a,Consumer Services,Other Consumer Services,http://www.nasdaq.com/symbol/evi
ERB,"ERBA Diagnostics, Inc.",3.6,$158.43M,n/a,Health Care,Major Pharmaceuticals,http://www.nasdaq.com/symbol/erb
ESP,Espey Mfg. & Electronics Corp.,27.385,$64.6M,n/a,Capital Goods,Industrial Machinery/Components,http://www.nasdaq.com/symbol/esp
EMXX,Eurasian Minerals Inc.,0.7484,$54.95M,n/a,Basic Industries,Precious Metals,http://www.nasdaq.com/symbol/emxx
EVBN,"Evans Bancorp, Inc.",23.65,$99.09M,n/a,Finance,Major Banks,http://www.nasdaq.com/symbol/evbn
EPM,"Evolution Petroleum Corporation, Inc.",7.35,$241.06M,n/a,Energy,Oil & Gas Production,http://www.nasdaq.com/symbol/epm
EPM^A,"Evolution Petroleum Corporation, Inc.",25,n/a,n/a,n/a,n/a,http://www.nasdaq.com/symbol/epm^a
XRA,Exeter Resource Corporation,0.565,$49.95M,n/a,Basic Industries,Mining & Quarrying of Nonmetallic Minerals (No Fuels),http://www.nasdaq.com/symbol/xra
FPI,Farmland Partners Inc.,10.66,$82.42M,2014,Consumer Services,Real Estate Investment Trusts,http://www.nasdaq.com/symbol/fpi
FPP,FieldPoint Petroleum Corporation,1.88,$15.28M,n/a,Energy,Oil & Gas Production,http://www.nasdaq.com/symbol/fpp
FPP/WS,FieldPoint Petroleum Corporation,0.2944,n/a,n/a,n/a,n/a,http://www.nasdaq.com/symbol/fpp/ws
FEN,First Trust Energy Income and Growth Fund,35.15,$680.34M,2004,n/a,n/a,http://www.nasdaq.com/symbol/fen
FWV,"First West Virginia Bancorp, Inc.",20.94,$36.2M,n/a,Finance,Major Banks,http://www.nasdaq.com/symbol/fwv
BDL,"Flanigan&#39;s Enterprises, Inc.",38.25,$71.09M,n/a,Consumer Services,Restaurants,http://www.nasdaq.com/symbol/bdl
FSI,Flexible Solutions International Inc.,1.27,$16.73M,n/a,Basic Industries,Major Chemicals,http://www.nasdaq.com/symbol/fsi
FTF,Franklin Limited Duration Income Trust,12.03,$322.83M,2003,n/a,n/a,http://www.nasdaq.com/symbol/ftf
FSP,Franklin Street Properties Corp.,12.88,$1.29B,n/a,Consumer Services,Real Estate Investment Trusts,http://www.nasdaq.com/symbol/fsp
FRD,Friedman Industries Inc.,6.23,$42.36M,n/a,Capital Goods,Steel/Iron Ore,http://www.nasdaq.com/symbol/frd
FRS,"Frisch&#39;s Restaurants, Inc.",27.7,$141.76M,n/a,Consumer Services,Restaurants,http://www.nasdaq.com/symbol/frs
GGN,"GAMCO Global Gold, Natural Reources & Income Trust ",7.46,$803.38M,2005,n/a,n/a,http://www.nasdaq.com/symbol/ggn
GGN^B,"GAMCO Global Gold, Natural Reources & Income Trust ",22.53,n/a,n/a,n/a,n/a,http://www.nasdaq.com/symbol/ggn^b
EGAS,Gas Natural Inc.,9.75,$102.25M,n/a,Public Utilities,Oil/Gas Transmission,http://www.nasdaq.com/symbol/egas
GST,Gastar Exploration Inc.,2.34,$184.54M,n/a,Energy,Oil & Gas Production,http://www.nasdaq.com/symbol/gst
GST^A,Gastar Exploration Inc.,19.95,n/a,n/a,n/a,n/a,http://www.nasdaq.com/symbol/gst^a
GST^B,Gastar Exploration Inc.,23.25,n/a,n/a,n/a,n/a,http://www.nasdaq.com/symbol/gst^b
JOB,"General Employment Enterprises, Inc.",0.68,$17.61M,n/a,Technology,Diversified Commercial Services,http://www.nasdaq.com/symbol/job
GMO,"General Moly, Inc",0.6,$54.57M,n/a,Basic Industries,Precious Metals,http://www.nasdaq.com/symbol/gmo
GIG,"GigOptix, Inc.",1.15,$37.79M,n/a,Technology,Semiconductors,http://www.nasdaq.com/symbol/gig
GSB,"GlobalSCAPE, Inc.",2.32,$48.64M,n/a,Technology,Computer Software: Prepackaged Software,http://www.nasdaq.com/symbol/gsb
GSAT,"Globalstar, Inc.",2.42,$2.4B,2006,Consumer Services,Telecommunications Equipment,http://www.nasdaq.com/symbol/gsat
GLOW,"Glowpoint, Inc.",1.05,$37.6M,n/a,Public Utilities,Telecommunications Equipment,http://www.nasdaq.com/symbol/glow
GORO,Gold Resource Corporation,3.5,$189.63M,n/a,Basic Industries,Precious Metals,http://www.nasdaq.com/symbol/goro
GSV,Gold Standard Ventures Corporation,0.482,$59.64M,n/a,Basic Industries,Mining & Quarrying of Nonmetallic Minerals (No Fuels),http://www.nasdaq.com/symbol/gsv
AUMN,Golden Minerals Company,0.56,$29.69M,n/a,Basic Industries,Precious Metals,http://www.nasdaq.com/symbol/aumn
GSS,"Golden Star Resources, Ltd",0.317,$82.26M,n/a,Basic Industries,Precious Metals,http://www.nasdaq.com/symbol/gss
GV,Goldfield Corporation (The),2.27,$57.77M,n/a,Basic Industries,Water Supply,http://www.nasdaq.com/symbol/gv
GRC,Gorman-Rupp Company (The),28.51,$748.69M,n/a,Capital Goods,Fluid Controls,http://www.nasdaq.com/symbol/grc
GTE,Gran Tierra Energy Inc.,2.14,$589.11M,n/a,Energy,Oil & Gas Production,http://www.nasdaq.com/symbol/gte
GPL,Great Panther Silver Limited,0.706,$98.53M,n/a,Basic Industries,Precious Metals,http://www.nasdaq.com/symbol/gpl
GRH,"GreenHunter Resources, Inc.",0.8,$28.39M,n/a,Basic Industries,Major Chemicals,http://www.nasdaq.com/symbol/grh
GRH^C,"GreenHunter Resources, Inc.",18.4999,n/a,n/a,n/a,n/a,http://www.nasdaq.com/symbol/grh^c
SIM,"Grupo Simec, S.A. de C.V.",8.24,$1.37B,1993,Basic Industries,Steel/Iron Ore,http://www.nasdaq.com/symbol/sim
GVP,"GSE Systems, Inc.",1.6699,$29.87M,n/a,Technology,Computer Software: Prepackaged Software,http://www.nasdaq.com/symbol/gvp
HCHC,"HC2 Holdings, Inc.",7.46,$177.66M,n/a,Public Utilities,Telecommunications Equipment,http://www.nasdaq.com/symbol/hchc
HEB,"Hemispherx BioPharma, Inc.",0.2199,$43.99M,n/a,Health Care,Biotechnology: Biological Products (No Diagnostic Substances),http://www.nasdaq.com/symbol/heb
HLM^,Hillman Group Capital Trust,31.85,n/a,n/a,n/a,n/a,http://www.nasdaq.com/symbol/hlm^
HMG,"HMG/Courtland Properties, Inc.",11.25,$11.8M,n/a,Consumer Services,Real Estate Investment Trusts,http://www.nasdaq.com/symbol/hmg
HH,"Hooper Holmes, Inc.",0.48,$34.02M,n/a,Health Care,Hospital/Nursing Management,http://www.nasdaq.com/symbol/hh
HUSA,Houston American Energy Corporation,0.21,$10.96M,n/a,Energy,Oil & Gas Production,http://www.nasdaq.com/symbol/husa
IBIO,"iBio, Inc.",0.48,$34.51M,n/a,Health Care,Major Pharmaceuticals,http://www.nasdaq.com/symbol/ibio
IBO,IBO (Listing Market - NYSE Amex Network B F),153.82,n/a,n/a,n/a,n/a,http://www.nasdaq.com/symbol/ibo
IEC,IEC Electronics Corp.,4.48,$45.44M,n/a,Technology,Electrical Products,http://www.nasdaq.com/symbol/iec
IG,"IGI Laboratories, Inc.",9.96,$525.77M,n/a,Health Care,Biotechnology: Biological Products (No Diagnostic Substances),http://www.nasdaq.com/symbol/ig
IMUC,"ImmunoCellular Therapeutics, Ltd.",0.6893,$43.23M,n/a,Health Care,Major Pharmaceuticals,http://www.nasdaq.com/symbol/imuc
IMH,"Impac Mortgage Holdings, Inc.",9.48,$90.89M,1997,Consumer Services,Real Estate Investment Trusts,http://www.nasdaq.com/symbol/imh
IMO,Imperial Oil Limited,37.11,$31.45B,n/a,Energy,Integrated oil Companies,http://www.nasdaq.com/symbol/imo
IOT,"Income Opportunity Realty Investors, Inc.",6.257,$26.08M,n/a,Consumer Services,Real Estate Investment Trusts,http://www.nasdaq.com/symbol/iot
IRT,"Independence Realty Trust, Inc.",9.52,$245.63M,2013,Consumer Services,Real Estate Investment Trusts,http://www.nasdaq.com/symbol/irt
IGC,India Globalization Capital Inc.,0.562,$7.75M,n/a,Basic Industries,Precious Metals,http://www.nasdaq.com/symbol/igc
IGC/WS,India Globalization Capital Inc.,0.0064,n/a,n/a,n/a,n/a,http://www.nasdaq.com/symbol/igc/ws
INFU,"InfuSystems Holdings, Inc.",2.76,$61.51M,n/a,Health Care,Medical/Dental Instruments,http://www.nasdaq.com/symbol/infu
IHT,InnSuites Hospitality Trust,2.68,$22.19M,n/a,Consumer Services,Real Estate Investment Trusts,http://www.nasdaq.com/symbol/iht
NSPR,"InspireMD, Inc.",0.8,$33.92M,n/a,Health Care,Medical/Dental Instruments,http://www.nasdaq.com/symbol/nspr
IFMI,"Institutional Financial Markets, Inc.",1.7499,$26.52M,n/a,Finance,Investment Bankers/Brokers/Service,http://www.nasdaq.com/symbol/ifmi
IDN,"Intellicheck Mobilisa, Inc.",1.47,$14.39M,1999,Technology,Computer Software: Prepackaged Software,http://www.nasdaq.com/symbol/idn
INS,Intelligent Systems Corporation,2.13,$19.08M,1992,Capital Goods,Metal Fabrications,http://www.nasdaq.com/symbol/ins
THM,International Tower Hill Mines Ltd,0.5023,$58.42M,n/a,Basic Industries,Precious Metals,http://www.nasdaq.com/symbol/thm
INTT,inTest Corporation,4.14,$43.73M,1997,Capital Goods,Electrical Products,http://www.nasdaq.com/symbol/intt
INUV,"Inuvo, Inc",1.28,$30.16M,n/a,Consumer Services,Advertising,http://www.nasdaq.com/symbol/inuv
VKI,Invesco Advantage Municipal Income Trust II,12.1,$537.01M,n/a,n/a,n/a,http://www.nasdaq.com/symbol/vki
ISR,"IsoRay, Inc.",1.34,$73.54M,n/a,Health Care,Medical/Dental Instruments,http://www.nasdaq.com/symbol/isr
ISDR,Issuer Direct Corporation,10.05,$20.97M,n/a,Miscellaneous,Publishing,http://www.nasdaq.com/symbol/isdr
ITI,"Iteris, Inc.",1.8,$58.61M,n/a,Consumer Durables,Telecommunications Equipment,http://www.nasdaq.com/symbol/iti
KIQ,Kelso Technologies Inc,4.514,$204.24M,n/a,Capital Goods,Railroads,http://www.nasdaq.com/symbol/kiq
LTS,Ladenburg Thalmann Financial Services Inc,3.81,$706.12M,n/a,Finance,Investment Bankers/Brokers/Service,http://www.nasdaq.com/symbol/lts
LTS^A,Ladenburg Thalmann Financial Services Inc,23.99,n/a,n/a,n/a,n/a,http://www.nasdaq.com/symbol/lts^a
LSG,Lake Shore Gold Corp,0.9,$391.89M,n/a,Basic Industries,Precious Metals,http://www.nasdaq.com/symbol/lsg
LAQ,"Latin America Equity Fund, Inc. (The)",21.64,$161.19M,1991,n/a,n/a,http://www.nasdaq.com/symbol/laq
LGL,"LGL Group, Inc. (The)",3.8,$9.86M,n/a,Capital Goods,Industrial Machinery/Components,http://www.nasdaq.com/symbol/lgl
LGL/WS,"LGL Group, Inc. (The)",0.009,n/a,n/a,n/a,n/a,http://www.nasdaq.com/symbol/lgl/ws
LBY,"Libbey, Inc.",32.71,$708.68M,1993,Capital Goods,Industrial Machinery/Components,http://www.nasdaq.com/symbol/lby
LBMH,"Liberator Medical Holdings, Inc.",3.2,$170.13M,n/a,Health Care,Medical/Nursing Services,http://www.nasdaq.com/symbol/lbmh
LIQT,"LiqTech International, Inc.",1.03,$40.48M,n/a,Technology,Industrial Machinery/Components,http://www.nasdaq.com/symbol/liqt
LEI,"Lucas Energy, Inc.",0.0985,$3.44M,n/a,Energy,Oil & Gas Production,http://www.nasdaq.com/symbol/lei
MCZ,Mad Catz Interactive Inc,0.429,$27.67M,n/a,Consumer Non-Durables,Recreational Products/Toys,http://www.nasdaq.com/symbol/mcz
MVG,Mag Silver Corporation,7.46,$513.7M,n/a,Basic Industries,Precious Metals,http://www.nasdaq.com/symbol/mvg
MHR^C,Magnum Hunter Resources Corporation,20,n/a,n/a,n/a,n/a,http://www.nasdaq.com/symbol/mhr^c
MHR^D,Magnum Hunter Resources Corporation,30.25,n/a,n/a,n/a,n/a,http://www.nasdaq.com/symbol/mhr^d
MHR^E,Magnum Hunter Resources Corporation,16.1,n/a,n/a,n/a,n/a,http://www.nasdaq.com/symbol/mhr^e
MSTX,"Mast Therapeutics, Inc.",0.437,$56.16M,n/a,Health Care,Major Pharmaceuticals,http://www.nasdaq.com/symbol/mstx
MHH,"Mastech Holdings, Inc",10.51,$45.26M,n/a,Consumer Services,Professional Services,http://www.nasdaq.com/symbol/mhh
MDGN,"Medgenics, Inc.",8.3,$205.87M,2011,Health Care,Biotechnology: Biological Products (No Diagnostic Substances),http://www.nasdaq.com/symbol/mdgn
MDGN/WS,"Medgenics, Inc.",2.85,n/a,n/a,n/a,n/a,http://www.nasdaq.com/symbol/mdgn/ws
IPB,"Merrill Lynch & Co., Inc.",27.99,n/a,n/a,Finance,Finance: Consumer Services,http://www.nasdaq.com/symbol/ipb
MEA,Metalico Inc,0.582,$33.94M,n/a,Basic Industries,Metal Fabrications,http://www.nasdaq.com/symbol/mea
MXC,Mexco Energy Corporation,4.6105,$9.4M,n/a,Energy,Oil & Gas Production,http://www.nasdaq.com/symbol/mxc
CCA,MFS California Insured Municipal Trust,11.73,$32.68M,1999,n/a,n/a,http://www.nasdaq.com/symbol/cca
MGT,MGT Capital Investments Inc,0.5598,$5.9M,n/a,Miscellaneous,Multi-Sector Companies,http://www.nasdaq.com/symbol/mgt
MDW,Midway Gold Corporation,0.69,$121.82M,n/a,Basic Industries,Precious Metals,http://www.nasdaq.com/symbol/mdw
MGH,Minco Gold Corporation,0.2778,$14.04M,n/a,Basic Industries,Precious Metals,http://www.nasdaq.com/symbol/mgh
MGN,"Mines Management, Inc.",0.51,$15.21M,n/a,Basic Industries,Precious Metals,http://www.nasdaq.com/symbol/mgn
MVF,"MuniVest Fund, Inc.",10.53,$673.73M,n/a,n/a,n/a,http://www.nasdaq.com/symbol/mvf
MZA,"MuniYield Arizona Fund, Inc.",16.55,$75.92M,1993,n/a,n/a,http://www.nasdaq.com/symbol/mza
NNVC,"NanoViricides, Inc.",2.6,$151.64M,n/a,Health Care,Biotechnology: Commercial Physical & Biological Resarch,http://www.nasdaq.com/symbol/nnvc
NHC,National HealthCare Corporation,62.97,$887.77M,n/a,Health Care,Hospital/Nursing Management,http://www.nasdaq.com/symbol/nhc
NHC^A,National HealthCare Corporation,15.54,n/a,n/a,n/a,n/a,http://www.nasdaq.com/symbol/nhc^a
NAVB,"Navidea Biopharmaceuticals, Inc.",1.61,$242.69M,n/a,Health Care,Biotechnology: In Vitro & In Vivo Diagnostic Substances,http://www.nasdaq.com/symbol/navb
NTIP,"Network-1 Technologies, Inc.",2.34,$57.27M,n/a,Technology,Computer Software: Prepackaged Software,http://www.nasdaq.com/symbol/ntip
NBW,Neuberger Berman California Intermediate Municipal Fund Inc.,15.95,$88.33M,2002,n/a,n/a,http://www.nasdaq.com/symbol/nbw
NHS,Neuberger Berman High Yield Strategies Fund,12.38,$241.91M,n/a,n/a,n/a,http://www.nasdaq.com/symbol/nhs
NBH,Neuberger Berman Intermediate Municipal Fund Inc.,16.1,$302.13M,2002,n/a,n/a,http://www.nasdaq.com/symbol/nbh
NML,Neuberger Berman MLP Income Fund Inc.,18.46,$1.04B,2013,n/a,n/a,http://www.nasdaq.com/symbol/nml
NBO,Neuberger Berman New York Intermediate Municipal Fund Inc.,14.75,$74.87M,2002,n/a,n/a,http://www.nasdaq.com/symbol/nbo
NRO,"Neuberger Berman Real Estate Securities Income Fund, Inc.",5.56,$310.18M,2003,n/a,n/a,http://www.nasdaq.com/symbol/nro
CUR,"Neuralstem, Inc.",3.1,$270.81M,n/a,Health Care,Biotechnology: Biological Products (No Diagnostic Substances),http://www.nasdaq.com/symbol/cur
UWN,"Nevada Gold & Casinos, Inc.",1.23,$19.95M,n/a,Consumer Services,Services-Misc. Amusement & Recreation,http://www.nasdaq.com/symbol/uwn
NSU,Nevsun Resources Ltd,3.46,$690.8M,n/a,Basic Industries,Precious Metals,http://www.nasdaq.com/symbol/nsu
GBR,"New Concept Energy, Inc",1.37,$2.67M,n/a,Energy,Oil & Gas Production,http://www.nasdaq.com/symbol/gbr
NEN,New England Realty Associates Limited Partnership,48.04,$184.8M,n/a,Consumer Services,Building operators,http://www.nasdaq.com/symbol/nen
NGD,NEW GOLD INC.,4.36,$2.22B,n/a,Basic Industries,Precious Metals,http://www.nasdaq.com/symbol/ngd
PAL,"North American Palladium, Ltd.",0.162,$62.62M,2000,Basic Industries,Precious Metals,http://www.nasdaq.com/symbol/pal
NAK,"Northern Dynasty Minerals, Ltd.",0.44,$41.8M,n/a,Basic Industries,Precious Metals,http://www.nasdaq.com/symbol/nak
NOG,"Northern Oil and Gas, Inc.",6.28,$382.91M,n/a,Energy,Oil & Gas Production,http://www.nasdaq.com/symbol/nog
NBY,"NovaBay Pharmaceuticals, Inc.",0.635,$32.78M,2007,Health Care,Major Pharmaceuticals,http://www.nasdaq.com/symbol/nby
NCQ,NovaCopper Inc.,0.52,$31.53M,n/a,Basic Industries,Precious Metals,http://www.nasdaq.com/symbol/ncq
NG,Novagold Resources Inc.,3.73,$1.19B,n/a,Basic Industries,Precious Metals,http://www.nasdaq.com/symbol/ng
NTN,"NTN Buzztime, Inc.",0.4452,$41.09M,n/a,Consumer Services,Broadcasting,http://www.nasdaq.com/symbol/ntn
NVX,Nuveen California Dividend Advantage Municipal Fund 2,15.01,$221.54M,2001,n/a,n/a,http://www.nasdaq.com/symbol/nvx
NZH,Nuveen California Dividend Advantage Municipal Fund 3,14.1,$340.54M,n/a,n/a,n/a,http://www.nasdaq.com/symbol/nzh
NCB,Nuveen California Municipal Value Fund 2,17.56,$57.74M,n/a,n/a,n/a,http://www.nasdaq.com/symbol/ncb
CFD,Nuveen Diversified Commodity Fund,12,$109.88M,2010,n/a,n/a,http://www.nasdaq.com/symbol/cfd
NXZ,Nuveen Dividend Advantage Municipal Fund 2,14.73,$434.22M,2001,n/a,n/a,http://www.nasdaq.com/symbol/nxz
NZF,Nuveen Dividend Advantage Municipal Fund 3,14.52,$527.51M,2007,n/a,n/a,http://www.nasdaq.com/symbol/nzf
NVG,Nuveen Dividend Advantage Municipal Income Fund,14.76,$393.56M,2002,n/a,n/a,http://www.nasdaq.com/symbol/nvg
CTF,Nuveen Long/Short Commodity Total Return Fund,16.72,$279.91M,n/a,n/a,n/a,http://www.nasdaq.com/symbol/ctf
NOM,Nuveen Missouri Premium Income Municipal Fund,15.41,$35.91M,1993,n/a,n/a,http://www.nasdaq.com/symbol/nom
NMZ,Nuveen Municipal High Income Opportunity Fund,14.08,$705.02M,2003,n/a,n/a,http://www.nasdaq.com/symbol/nmz
NJV,Nuveen New Jersey Municipal Value Fund,15.11,$23.42M,n/a,n/a,n/a,http://www.nasdaq.com/symbol/njv
NXK,Nuveen New York Dividend Advantage Municipal Fund 2,13.77,$89.27M,2001,n/a,n/a,http://www.nasdaq.com/symbol/nxk
NYV,Nuveen New York Municipal Value Fund 2,15.38,$36.14M,2009,n/a,n/a,http://www.nasdaq.com/symbol/nyv
NPN,Nuveen Pennsylvania Municipal Value Fund,15.69,$19.13M,2009,n/a,n/a,http://www.nasdaq.com/symbol/npn
JRS,Nuveen Real Estate Fund,11.96,$345.55M,2001,n/a,n/a,http://www.nasdaq.com/symbol/jrs
OGEN,"Oragenics, Inc.",0.79,$28.58M,n/a,Health Care,Major Pharmaceuticals,http://www.nasdaq.com/symbol/ogen
TIS,Orchids Paper Products Company,27.27,$238.83M,2005,Basic Industries,Paper,http://www.nasdaq.com/symbol/tis
ONVO,"Organovo Holdings, Inc.",6.43,$517.64M,n/a,Health Care,Biotechnology: Biological Products (No Diagnostic Substances),http://www.nasdaq.com/symbol/onvo
ONP,"Orient Paper, Inc.",0.99,$20.11M,n/a,Consumer Durables,Containers/Packaging,http://www.nasdaq.com/symbol/onp
OESX,"Orion Energy Systems, Inc.",4.53,$99.08M,2007,Consumer Durables,Building Products,http://www.nasdaq.com/symbol/oesx
OSGB,"Overseas Shipholding Group, Inc.",5.1,$155.79M,n/a,Transportation,Marine Transportation,http://www.nasdaq.com/symbol/osgb
ORM,"Owens Realty Mortgage, Inc.",13.65,$146.98M,2013,Consumer Services,Real Estate Investment Trusts,http://www.nasdaq.com/symbol/orm
PHF,"Pacholder High Yield Fund, Inc.",7.4,$96.17M,n/a,n/a,n/a,http://www.nasdaq.com/symbol/phf
PBM,Pacific Booker Minerals Inc,4.47,$55.27M,n/a,Basic Industries,Precious Metals,http://www.nasdaq.com/symbol/pbm
PCG^A,Pacific Gas & Electric Co.,31,n/a,n/a,n/a,n/a,http://www.nasdaq.com/symbol/pcg^a
PCG^B,Pacific Gas & Electric Co.,28.555,n/a,n/a,n/a,n/a,http://www.nasdaq.com/symbol/pcg^b
PCG^C,Pacific Gas & Electric Co.,25.55,n/a,n/a,n/a,n/a,http://www.nasdaq.com/symbol/pcg^c
PCG^D,Pacific Gas & Electric Co.,25.05,n/a,n/a,n/a,n/a,http://www.nasdaq.com/symbol/pcg^d
PCG^E,Pacific Gas & Electric Co.,25.11,n/a,n/a,n/a,n/a,http://www.nasdaq.com/symbol/pcg^e
PCG^G,Pacific Gas & Electric Co.,24.9,n/a,n/a,n/a,n/a,http://www.nasdaq.com/symbol/pcg^g
PCG^H,Pacific Gas & Electric Co.,22.9,n/a,n/a,n/a,n/a,http://www.nasdaq.com/symbol/pcg^h
PCG^I,Pacific Gas & Electric Co.,22.24,n/a,n/a,n/a,n/a,http://www.nasdaq.com/symbol/pcg^i
PTN,"Palatin Technologies, Inc.",0.7093,$28.01M,n/a,Health Care,Major Pharmaceuticals,http://www.nasdaq.com/symbol/ptn
PARR,Par Petroleum Corporation,18.31,$673.82M,n/a,Energy,Oil & Gas Production,http://www.nasdaq.com/symbol/parr
PZG,Paramount Gold and Silver Corp.,1.26,$204.15M,n/a,Basic Industries,Precious Metals,http://www.nasdaq.com/symbol/pzg
PRK,Park National Corporation,80.41,$1.24B,n/a,Finance,Major Banks,http://www.nasdaq.com/symbol/prk
PED,Pedevco Corp.,0.618,$20.47M,n/a,Energy,Oil & Gas Production,http://www.nasdaq.com/symbol/ped
PFNX,Pfenex Inc.,6.86,$139.79M,2014,Health Care,Major Pharmaceuticals,http://www.nasdaq.com/symbol/pfnx
PIP,"PharmAthene, Inc",1.65,$104.57M,n/a,Health Care,Major Pharmaceuticals,http://www.nasdaq.com/symbol/pip
HNW,Pioneer Diversified High Income Trust,17.17,$143.07M,2007,n/a,n/a,http://www.nasdaq.com/symbol/hnw
PLG,Platinum Group Metals Ltd.,0.4601,$352.49M,n/a,Basic Industries,Precious Metals,http://www.nasdaq.com/symbol/plg
PLM,Polymet Mining Corp.,1.05,$289.6M,n/a,Basic Industries,Precious Metals,http://www.nasdaq.com/symbol/plm
PW,Power REIT,9.578,$16.59M,n/a,Consumer Services,Real Estate Investment Trusts,http://www.nasdaq.com/symbol/pw
PW^A,Power REIT,25.7,n/a,n/a,n/a,n/a,http://www.nasdaq.com/symbol/pw^a
APTS,"Preferred Apartment Communities, Inc.",10.11,$200.84M,2011,Consumer Services,Real Estate Investment Trusts,http://www.nasdaq.com/symbol/apts
PLX,"Protalix BioTherapeutics, Inc.",2,$187.35M,n/a,Health Care,Biotechnology: Biological Products (No Diagnostic Substances),http://www.nasdaq.com/symbol/plx
PVCT,"Provectus Biopharmaceuticals, Inc.",0.84,$151.45M,n/a,Health Care,Major Pharmaceuticals,http://www.nasdaq.com/symbol/pvct
QRM,Quest Rare Minerals Ltd,0.08,$6.31M,n/a,Basic Industries,Precious Metals,http://www.nasdaq.com/symbol/qrm
RLGT,"Radiant Logistics, Inc.",4.81,$166.7M,n/a,Transportation,Oil Refining/Marketing,http://www.nasdaq.com/symbol/rlgt
RLGT^A,"Radiant Logistics, Inc.",27.78,n/a,n/a,n/a,n/a,http://www.nasdaq.com/symbol/rlgt^a
REE,Rare Element Resources Ltd.,0.2527,$12.06M,n/a,Basic Industries,Precious Metals,http://www.nasdaq.com/symbol/ree
UTG,Reaves Utility Income Fund,33.05,$958.92M,2004,n/a,n/a,http://www.nasdaq.com/symbol/utg
REED,"Reeds, Inc.",5.36,$70.01M,n/a,Consumer Non-Durables,Beverages (Production/Distribution),http://www.nasdaq.com/symbol/reed
RWC,RELM Wireless Corporation,5.3894,$73.65M,n/a,Technology,Radio And Television Broadcasting And Communications Equipment,http://www.nasdaq.com/symbol/rwc
RCG,"RENN Fund, Inc.",1.26,$5.62M,n/a,n/a,n/a,http://www.nasdaq.com/symbol/rcg
RVP,"Retractable Technologies, Inc.",4.21,$115.69M,n/a,Health Care,Medical/Dental Instruments,http://www.nasdaq.com/symbol/rvp
RVM,"Revett Mining Company, Inc.",0.385,$15.05M,n/a,Basic Industries,Precious Metals,http://www.nasdaq.com/symbol/rvm
RNN,"Rexahn Pharmaceuticals, Inc.",0.73,$130.12M,n/a,Health Care,Major Pharmaceuticals,http://www.nasdaq.com/symbol/rnn
RIC,"Richmont Mines, Inc.",3.52,$169.93M,n/a,Basic Industries,Precious Metals,http://www.nasdaq.com/symbol/ric
REI,"Ring Energy, Inc.",9.12,$234.65M,n/a,Energy,Oil & Gas Production,http://www.nasdaq.com/symbol/rei
RIF,RMR Real Estate Income Fund.,22.39,$171.33M,n/a,n/a,n/a,http://www.nasdaq.com/symbol/rif
RBY,Rubicon Minerals Corp,1.13,$418.71M,n/a,Basic Industries,Precious Metals,http://www.nasdaq.com/symbol/rby
SGA,"Saga Communications, Inc.",40.67,$236.25M,n/a,Consumer Services,Broadcasting,http://www.nasdaq.com/symbol/sga
SSN,Samson Oil & Gas Limited,0.1605,$22.77M,n/a,Energy,Oil & Gas Production,http://www.nasdaq.com/symbol/ssn
SPP,Sanchez Production Partners LLC,1.32,$38.01M,n/a,Energy,Oil & Gas Production,http://www.nasdaq.com/symbol/spp
SAND          ,Sandstorm Gold Ltd,4.04,$474.61M,n/a,Basic Industries,Precious Metals,http://www.nasdaq.com/symbol/sand          
SARA,Saratoga Resources Inc,0.1516,$4.7M,n/a,Energy,Oil & Gas Production,http://www.nasdaq.com/symbol/sara
SEB,Seaboard Corporation,3824.99,$4.48B,1996,n/a,n/a,http://www.nasdaq.com/symbol/seb
SVT,"Servotronics, Inc.",6.45,$15.85M,n/a,Capital Goods,Industrial Machinery/Components,http://www.nasdaq.com/symbol/svt
SIF,"SIFCO Industries, Inc.",28.99,$156.93M,n/a,Capital Goods,Aerospace,http://www.nasdaq.com/symbol/sif
SVBL,"Silver Bull Resources, Inc.",0.1351,$21.49M,n/a,Basic Industries,Precious Metals,http://www.nasdaq.com/symbol/svbl
SVLC,"SilverCrest Mines, Inc.",1.33,$157.94M,n/a,Basic Industries,Precious Metals,http://www.nasdaq.com/symbol/svlc
SKY,Skyline Corporation,3.75,$31.47M,n/a,Basic Industries,Homebuilding,http://www.nasdaq.com/symbol/sky
SLI,"SL Industries, Inc.",42.75,$177.16M,n/a,Capital Goods,Industrial Machinery/Components,http://www.nasdaq.com/symbol/sli
XPL,Solitario Exploration & Royalty Corp,0.83,$32.58M,n/a,Basic Industries,Precious Metals,http://www.nasdaq.com/symbol/xpl
SCE^B,Southern California Edison Company,21.93,n/a,n/a,n/a,n/a,http://www.nasdaq.com/symbol/sce^b
SCE^C,Southern California Edison Company,22.44,n/a,n/a,n/a,n/a,http://www.nasdaq.com/symbol/sce^c
SCE^D,Southern California Edison Company,23.29,n/a,n/a,n/a,n/a,http://www.nasdaq.com/symbol/sce^d
SCE^E,Southern California Edison Company,25.1899,n/a,n/a,n/a,n/a,http://www.nasdaq.com/symbol/sce^e
SGB,Southwest Georgia Financial Corporation,14.1305,$36M,n/a,Finance,Major Banks,http://www.nasdaq.com/symbol/sgb
LOV,"Spark Networks, Inc.",3.5493,$86.36M,n/a,Miscellaneous,Business Services,http://www.nasdaq.com/symbol/lov
STRP,Straight Path Communications Inc.,19.18,$229.21M,2013,Public Utilities,Telecommunications Equipment,http://www.nasdaq.com/symbol/strp
SSY,"SunLink Health Systems, Inc.",1.4,$13.22M,n/a,Health Care,Hospital/Nursing Management,http://www.nasdaq.com/symbol/ssy
SDPI,"Superior Drilling Products, Inc.",3.52,$60.87M,2014,Energy,Metal Fabrications,http://www.nasdaq.com/symbol/sdpi
STS,"Supreme Industries, Inc.",7.71,$127.52M,n/a,Capital Goods,Construction/Ag Equipment/Trucks,http://www.nasdaq.com/symbol/sts
SYRG,Synergy Resources Corporation,12.23,$1.04B,n/a,Energy,Oil & Gas Production,http://www.nasdaq.com/symbol/syrg
SYN,"Synthetic Biologics, Inc",1.69,$122.55M,n/a,Health Care,Major Pharmaceuticals,http://www.nasdaq.com/symbol/syn
TRX,Tanzanian Royalty Exploration Corporation,0.61,$62.06M,n/a,Basic Industries,Precious Metals,http://www.nasdaq.com/symbol/trx
TGB,Taseko Mines Limited,0.75,$166.36M,n/a,Basic Industries,Precious Metals,http://www.nasdaq.com/symbol/tgb
TAS,Tasman Metals Ltd,0.36,$23.81M,n/a,Basic Industries,Precious Metals,http://www.nasdaq.com/symbol/tas
TRC/WS,Tejon Ranch Co,1.5,n/a,n/a,n/a,n/a,http://www.nasdaq.com/symbol/trc/ws
TIK,Tel-Instrument Electronics Corp.,5.11,$16.61M,n/a,Capital Goods,Electrical Products,http://www.nasdaq.com/symbol/tik
TGC,"Tengasco, Inc.",0.258,$15.7M,n/a,Energy,Oil & Gas Production,http://www.nasdaq.com/symbol/tgc
GLU,The Gabelli Global Utility and Income Trust,19.15,$78.73M,2004,n/a,n/a,http://www.nasdaq.com/symbol/glu
GLU^A,The Gabelli Global Utility and Income Trust,50.5,n/a,n/a,n/a,n/a,http://www.nasdaq.com/symbol/glu^a
TXMD,"TherapeuticsMD, Inc.",4.06,$633.48M,n/a,Health Care,Major Pharmaceuticals,http://www.nasdaq.com/symbol/txmd
TPI,"Tianyin Pharmaceutical Co., Inc.",0.5,$14.72M,n/a,Health Care,Major Pharmaceuticals,http://www.nasdaq.com/symbol/tpi
IDI,"Tiger Media, Inc.",1.15,$41.87M,n/a,Consumer Services,Advertising,http://www.nasdaq.com/symbol/idi
TLR,Timberline Resources Corporation,0.65,$6.44M,n/a,Basic Industries,Precious Metals,http://www.nasdaq.com/symbol/tlr
TGD,Timmons Gold Corp,1.1,$197.87M,2011,Basic Industries,Precious Metals,http://www.nasdaq.com/symbol/tgd
TOF,Tofutti Brands Inc.,5.3,$27.31M,n/a,Consumer Non-Durables,Specialty Foods,http://www.nasdaq.com/symbol/tof
TMP,Tompkins Financial Corporation,51.27,$756.9M,n/a,Finance,Major Banks,http://www.nasdaq.com/symbol/tmp
TAT,Transatlantic Petroleum Ltd,4.26,$173.42M,n/a,Energy,Oil & Gas Production,http://www.nasdaq.com/symbol/tat
TRXC,"TransEnterix, Inc.",2.97,$187.6M,n/a,Health Care,Medical/Dental Instruments,http://www.nasdaq.com/symbol/trxc
TPLM,Triangle Petroleum Corporation,5.25,$402.21M,n/a,Energy,Oil & Gas Production,http://www.nasdaq.com/symbol/tplm
TRT,Trio-Tech International,2.94,$10.33M,n/a,Technology,Industrial Machinery/Components,http://www.nasdaq.com/symbol/trt
HTM,U.S. Geothermal Inc.,0.4801,$51.38M,n/a,Public Utilities,Electric Utilities: Central,http://www.nasdaq.com/symbol/htm
UAMY,United States Antimony Corporation,0.4997,$32.99M,n/a,Capital Goods,Metal Fabrications,http://www.nasdaq.com/symbol/uamy
UUU,"Universal Security Instruments, Inc.",6.18,$14.29M,n/a,Consumer Non-Durables,Electronic Components,http://www.nasdaq.com/symbol/uuu
UQM,UQM TECHNOLOGIES INC,0.9501,$38.47M,n/a,Capital Goods,Industrial Machinery/Components,http://www.nasdaq.com/symbol/uqm
URG,Ur Energy Inc,0.7602,$98.28M,n/a,Basic Industries,Precious Metals,http://www.nasdaq.com/symbol/urg
URZ,Uranerz Energy Corporation,1.1,$105.48M,n/a,Basic Industries,Precious Metals,http://www.nasdaq.com/symbol/urz
UEC,Uranium Energy Corp.,1.27,$116.51M,n/a,Basic Industries,Precious Metals,http://www.nasdaq.com/symbol/uec
VTG,Vantage Drilling Company,0.39,$120.04M,n/a,Energy,Oil & Gas Production,http://www.nasdaq.com/symbol/vtg
VSR,"Versar, Inc.",3.0516,$29.78M,1986,Consumer Services,Military/Government/Technical,http://www.nasdaq.com/symbol/vsr
VII,"Vicon Industries, Inc.",1.5497,$14.18M,n/a,Consumer Durables,Telecommunications Equipment,http://www.nasdaq.com/symbol/vii
VHC,VirnetX Holding Corp,5.44,$282.86M,n/a,Miscellaneous,Multi-Sector Companies,http://www.nasdaq.com/symbol/vhc
VGZ,Vista Gold Corporation,0.39,$32.13M,n/a,Basic Industries,Precious Metals,http://www.nasdaq.com/symbol/vgz
VISI,"Volt Information Sciences, Inc.",12.54,$262.56M,n/a,Technology,Professional Services,http://www.nasdaq.com/symbol/visi
EAD,Wells Fargo Advantage Income Opportunities Fund,8.7,$617.55M,2003,n/a,n/a,http://www.nasdaq.com/symbol/ead
ERC,Wells Fargo Advantage Multi-Sector Income Fund,13.61,$572.37M,2003,n/a,n/a,http://www.nasdaq.com/symbol/erc
ERH,Wells Fargo Advantage Utilities and High Income Fund,13.39,$123.61M,2004,n/a,n/a,http://www.nasdaq.com/symbol/erh
SBI,Western Asset Intermediate Muni Fund Inc,9.96,$140.21M,1992,n/a,n/a,http://www.nasdaq.com/symbol/sbi
WRN,Western Copper and Gold Corporation,0.45,$42.39M,2011,Basic Industries,Precious Metals,http://www.nasdaq.com/symbol/wrn
WYY,WidePoint Corporation,1.43,$116.58M,n/a,Technology,EDP Services,http://www.nasdaq.com/symbol/wyy
WTT,"Wireless Telecom Group,  Inc.",3.16,$61.43M,n/a,Capital Goods,Electrical Products,http://www.nasdaq.com/symbol/wtt
YUMA,"Yuma Energy, Inc.",1.66,$114.32M,n/a,Energy,Oil & Gas Production,http://www.nasdaq.com/symbol/yuma
YUMA^A,"Yuma Energy, Inc.",17.4,n/a,n/a,n/a,n/a,http://www.nasdaq.com/symbol/yuma^a
ZBB,ZBB Energy Corporation,0.63,$24.6M,2007,Public Utilities,Electric Utilities: Central,http://www.nasdaq.com/symbol/zbb
